{
  "IcoMoonType": "selection",
  "icons": [
    {
      "icon": {
        "paths": [
          "M1024 590.444l-512-397.426-512 397.428v-162.038l512-397.426 512 397.428zM896 576v384h-256v-256h-256v256h-256v-384l384-288z"
        ],
        "attrs": [],
        "isMulticolor": false,
        "isMulticolor2": false,
        "tags": [
          "home",
          "house"
        ],
        "defaultCode": 59648,
        "grid": 16
      },
      "attrs": [],
      "properties": {
        "ligatures": "home, house",
        "name": "home",
        "order": 2,
        "id": 0,
        "prevSize": 32,
        "code": 59648
      },
      "setIdx": 0,
      "setId": 2,
      "iconIdx": 0
    },
    {
      "icon": {
        "paths": [
          "M512 32l-512 512 96 96 96-96v416h256v-192h128v192h256v-416l96 96 96-96-512-512zM512 448c-35.346 0-64-28.654-64-64s28.654-64 64-64c35.346 0 64 28.654 64 64s-28.654 64-64 64z"
        ],
        "attrs": [],
        "isMulticolor": false,
        "isMulticolor2": false,
        "tags": [
          "home",
          "house"
        ],
        "defaultCode": 59649,
        "grid": 16
      },
      "attrs": [],
      "properties": {
        "ligatures": "home2, house2",
        "name": "home2",
        "order": 3,
        "id": 1,
        "prevSize": 32,
        "code": 59649
      },
      "setIdx": 0,
      "setId": 2,
      "iconIdx": 1
    },
    {
      "icon": {
        "paths": [
          "M1024 608l-192-192v-288h-128v160l-192-192-512 512v32h128v320h320v-192h128v192h320v-320h128z"
        ],
        "attrs": [],
        "isMulticolor": false,
        "isMulticolor2": false,
        "tags": [
          "home",
          "house"
        ],
        "defaultCode": 59650,
        "grid": 16
      },
      "attrs": [],
      "properties": {
        "ligatures": "home3, house3",
        "name": "home3",
        "order": 4,
        "id": 2,
        "prevSize": 32,
        "code": 59650
      },
      "setIdx": 0,
      "setId": 2,
      "iconIdx": 2
    },
    {
      "icon": {
        "paths": [
          "M288 576h-64v448h64c17.6 0 32-14.4 32-32v-384c0-17.6-14.4-32-32-32z",
          "M736 576c-17.602 0-32 14.4-32 32v384c0 17.6 14.398 32 32 32h64v-448h-64z",
          "M1024 512c0-282.77-229.23-512-512-512s-512 229.23-512 512c0 61.412 10.83 120.29 30.656 174.848-19.478 33.206-30.656 71.87-30.656 113.152 0 112.846 83.448 206.188 192 221.716v-443.418c-31.914 4.566-61.664 15.842-87.754 32.378-5.392-26.718-8.246-54.364-8.246-82.676 0-229.75 186.25-416 416-416s416 186.25 416 416c0 28.314-2.83 55.968-8.22 82.696-26.1-16.546-55.854-27.848-87.78-32.418v443.44c108.548-15.532 192-108.874 192-221.714 0-41.274-11.178-79.934-30.648-113.138 19.828-54.566 30.648-113.452 30.648-174.866z"
        ],
        "attrs": [],
        "isMulticolor": false,
        "isMulticolor2": false,
        "tags": [
          "headphones",
          "headset",
          "music",
          "audio"
        ],
        "defaultCode": 59664,
        "grid": 16
      },
      "attrs": [],
      "properties": {
        "ligatures": "headphones, headset",
        "name": "headphones",
        "order": 5,
        "id": 3,
        "prevSize": 32,
        "code": 59664
      },
      "setIdx": 0,
      "setId": 2,
      "iconIdx": 3
    },
    {
      "icon": {
        "paths": [
          "M640 576c105.87 0 201.87 43.066 271.402 112.598l-90.468 90.468c-46.354-46.356-110.356-75.066-180.934-75.066s-134.578 28.71-180.934 75.066l-90.468-90.468c69.532-69.532 165.532-112.598 271.402-112.598zM187.452 507.452c120.88-120.88 281.598-187.452 452.548-187.452s331.668 66.572 452.55 187.452l-90.51 90.508c-96.706-96.704-225.28-149.96-362.040-149.96-136.762 0-265.334 53.256-362.038 149.962l-90.51-90.51zM988.784 134.438c106.702 45.132 202.516 109.728 284.782 191.996v0l-90.508 90.508c-145.056-145.056-337.92-224.942-543.058-224.942-205.14 0-398 79.886-543.058 224.942l-90.51-90.51c82.268-82.266 178.082-146.862 284.784-191.994 110.504-46.738 227.852-70.438 348.784-70.438s238.278 23.7 348.784 70.438zM576 896c0-35.346 28.654-64 64-64s64 28.654 64 64c0 35.346-28.654 64-64 64s-64-28.654-64-64z"
        ],
        "width": 1280,
        "attrs": [],
        "isMulticolor": false,
        "isMulticolor2": false,
        "tags": [
          "connection",
          "wifi",
          "wave"
        ],
        "defaultCode": 59675,
        "grid": 16
      },
      "attrs": [],
      "properties": {
        "ligatures": "connection, wifi",
        "name": "connection",
        "order": 6,
        "id": 4,
        "prevSize": 32,
        "code": 59675
      },
      "setIdx": 0,
      "setId": 2,
      "iconIdx": 4
    },
    {
      "icon": {
        "paths": [
          "M976 0h-384c-26.4 0-63.274 15.274-81.942 33.942l-476.116 476.116c-18.668 18.668-18.668 49.214 0 67.882l412.118 412.118c18.668 18.668 49.214 18.668 67.882 0l476.118-476.118c18.666-18.666 33.94-55.54 33.94-81.94v-384c0-26.4-21.6-48-48-48zM736 384c-53.020 0-96-42.98-96-96s42.98-96 96-96 96 42.98 96 96-42.98 96-96 96z"
        ],
        "attrs": [],
        "isMulticolor": false,
        "isMulticolor2": false,
        "tags": [
          "price-tag"
        ],
        "defaultCode": 59701,
        "grid": 16
      },
      "attrs": [],
      "properties": {
        "ligatures": "price-tag",
        "name": "price-tag",
        "order": 7,
        "id": 5,
        "prevSize": 32,
        "code": 59701
      },
      "setIdx": 0,
      "setId": 2,
      "iconIdx": 5
    },
    {
      "icon": {
        "paths": [
          "M1232 0h-384c-26.4 0-63.274 15.274-81.942 33.942l-476.116 476.116c-18.668 18.668-18.668 49.214 0 67.882l412.118 412.118c18.668 18.668 49.214 18.668 67.882 0l476.118-476.118c18.666-18.666 33.94-55.54 33.94-81.94v-384c0-26.4-21.6-48-48-48zM992 384c-53.020 0-96-42.98-96-96s42.98-96 96-96 96 42.98 96 96-42.98 96-96 96z",
          "M128 544l544-544h-80c-26.4 0-63.274 15.274-81.942 33.942l-476.116 476.116c-18.668 18.668-18.668 49.214 0 67.882l412.118 412.118c18.668 18.668 49.214 18.668 67.882 0l30.058-30.058-416-416z"
        ],
        "width": 1280,
        "attrs": [],
        "isMulticolor": false,
        "isMulticolor2": false,
        "tags": [
          "price-tags"
        ],
        "defaultCode": 59702,
        "grid": 16
      },
      "attrs": [],
      "properties": {
        "ligatures": "price-tags",
        "name": "price-tags",
        "order": 8,
        "id": 6,
        "prevSize": 32,
        "code": 59702
      },
      "setIdx": 0,
      "setId": 2,
      "iconIdx": 6
    },
    {
      "icon": {
        "paths": [
          "M384 928c0 53.019-42.981 96-96 96s-96-42.981-96-96c0-53.019 42.981-96 96-96s96 42.981 96 96z",
          "M1024 928c0 53.019-42.981 96-96 96s-96-42.981-96-96c0-53.019 42.981-96 96-96s96 42.981 96 96z",
          "M1024 512v-384h-768c0-35.346-28.654-64-64-64h-192v64h128l48.074 412.054c-29.294 23.458-48.074 59.5-48.074 99.946 0 70.696 57.308 128 128 128h768v-64h-768c-35.346 0-64-28.654-64-64 0-0.218 0.014-0.436 0.016-0.656l831.984-127.344z"
        ],
        "attrs": [],
        "isMulticolor": false,
        "isMulticolor2": false,
        "tags": [
          "cart",
          "purchase",
          "ecommerce",
          "shopping"
        ],
        "defaultCode": 59706,
        "grid": 16
      },
      "attrs": [],
      "properties": {
        "ligatures": "cart, purchase",
        "name": "cart",
        "order": 14,
        "id": 7,
        "prevSize": 32,
        "code": 59706
      },
      "setIdx": 0,
      "setId": 2,
      "iconIdx": 7
    },
    {
      "icon": {
        "paths": [
          "M1017.378 575.994c8.004 55.482 13.216 131.392-11.664 160.446-41.142 48.044-301.712 48.044-301.712-48.042 0-48.398 42.856-80.134 1.712-128.178-40.472-47.262-113.026-48.030-193.714-48.042-80.686 0.012-153.242 0.78-193.714 48.042-41.142 48.046 1.714 79.78 1.714 128.178 0 96.086-260.57 96.086-301.714 48.044-24.878-29.054-19.668-104.964-11.662-160.446 6.16-37.038 21.724-76.996 71.548-127.994 0-0.002 0.002-0.002 0.002-0.004 74.738-69.742 187.846-126.738 429.826-127.968v-0.030c1.344 0 2.664 0.010 4 0.014 1.338-0.004 2.656-0.014 4-0.014v0.028c241.98 1.23 355.088 58.226 429.826 127.968 0.002 0.002 0.002 0.004 0.002 0.004 49.824 50.996 65.39 90.954 71.55 127.994z"
        ],
        "attrs": [],
        "isMulticolor": false,
        "isMulticolor2": false,
        "tags": [
          "phone-hang-up",
          "telephone",
          "contact",
          "support",
          "call"
        ],
        "defaultCode": 59715,
        "grid": 16
      },
      "attrs": [],
      "properties": {
        "ligatures": "phone-hang-up, telephone2",
        "name": "phone-hang-up",
        "order": 9,
        "id": 8,
        "prevSize": 32,
        "code": 59715
      },
      "setIdx": 0,
      "setId": 2,
      "iconIdx": 8
    },
    {
      "icon": {
        "paths": [
          "M512 0c-176.732 0-320 143.268-320 320 0 320 320 704 320 704s320-384 320-704c0-176.732-143.27-320-320-320zM512 512c-106.040 0-192-85.96-192-192s85.96-192 192-192 192 85.96 192 192-85.96 192-192 192z"
        ],
        "attrs": [],
        "isMulticolor": false,
        "isMulticolor2": false,
        "tags": [
          "location",
          "map-marker",
          "pin"
        ],
        "defaultCode": 59719,
        "grid": 16
      },
      "attrs": [],
      "properties": {
        "ligatures": "location, map-marker",
        "name": "location",
        "order": 13,
        "id": 9,
        "prevSize": 32,
        "code": 59719
      },
      "setIdx": 0,
      "setId": 2,
      "iconIdx": 9
    },
    {
      "icon": {
        "paths": [
          "M512 0c-176.732 0-320 143.268-320 320 0 320 320 704 320 704s320-384 320-704c0-176.732-143.27-320-320-320zM512 516c-108.248 0-196-87.752-196-196s87.752-196 196-196 196 87.752 196 196-87.752 196-196 196zM388 320c0-68.483 55.517-124 124-124s124 55.517 124 124c0 68.483-55.517 124-124 124s-124-55.517-124-124z"
        ],
        "attrs": [],
        "isMulticolor": false,
        "isMulticolor2": false,
        "tags": [
          "location",
          "map-marker",
          "pin"
        ],
        "defaultCode": 59720,
        "grid": 16
      },
      "attrs": [],
      "properties": {
        "ligatures": "location2, map-marker2",
        "name": "location2",
        "order": 12,
        "id": 10,
        "prevSize": 32,
        "code": 59720
      },
      "setIdx": 0,
      "setId": 2,
      "iconIdx": 10
    },
    {
      "icon": {
        "paths": [
          "M0 64v640h1024v-640h-1024zM960 640h-896v-512h896v512zM672 768h-320l-32 128-64 64h512l-64-64z"
        ],
        "attrs": [],
        "isMulticolor": false,
        "isMulticolor2": false,
        "tags": [
          "display",
          "screen",
          "monitor",
          "computer",
          "desktop",
          "pc"
        ],
        "defaultCode": 59734,
        "grid": 16
      },
      "attrs": [],
      "properties": {
        "ligatures": "display, screen",
        "name": "display",
        "order": 16,
        "id": 11,
        "prevSize": 32,
        "code": 59734
      },
      "setIdx": 0,
      "setId": 2,
      "iconIdx": 11
    },
    {
      "icon": {
        "paths": [
          "M896 704v-512c0-35.2-28.8-64-64-64h-640c-35.2 0-64 28.8-64 64v512h-128v192h1024v-192h-128zM640 832h-256v-64h256v64zM832 704h-640v-511.886c0.034-0.040 0.076-0.082 0.114-0.114h639.77c0.040 0.034 0.082 0.076 0.116 0.116v511.884z"
        ],
        "attrs": [],
        "isMulticolor": false,
        "isMulticolor2": false,
        "tags": [
          "laptop",
          "computer",
          "pc"
        ],
        "defaultCode": 59735,
        "grid": 16
      },
      "attrs": [],
      "properties": {
        "ligatures": "laptop, computer",
        "name": "laptop",
        "order": 17,
        "id": 12,
        "prevSize": 32,
        "code": 59735
      },
      "setIdx": 0,
      "setId": 2,
      "iconIdx": 12
    },
    {
      "icon": {
        "paths": [
          "M736 0h-448c-52.8 0-96 43.2-96 96v832c0 52.8 43.2 96 96 96h448c52.8 0 96-43.2 96-96v-832c0-52.8-43.2-96-96-96zM384 48h256v32h-256v-32zM512 960c-35.346 0-64-28.654-64-64s28.654-64 64-64 64 28.654 64 64-28.654 64-64 64zM768 768h-512v-640h512v640z"
        ],
        "attrs": [],
        "isMulticolor": false,
        "isMulticolor2": false,
        "tags": [
          "mobile",
          "cell-phone",
          "handheld"
        ],
        "defaultCode": 59736,
        "grid": 16
      },
      "attrs": [],
      "properties": {
        "ligatures": "mobile, cell-phone",
        "name": "mobile",
        "order": 15,
        "id": 13,
        "prevSize": 32,
        "code": 59736
      },
      "setIdx": 0,
      "setId": 2,
      "iconIdx": 13
    },
    {
      "icon": {
        "paths": [
          "M768 0h-576c-35.2 0-64 28.798-64 64v896c0 35.2 28.798 64 64 64h576c35.2 0 64-28.8 64-64v-896c0-35.202-28.8-64-64-64zM480 977.782c-27.492 0-49.782-22.29-49.782-49.782s22.29-49.782 49.782-49.782 49.782 22.29 49.782 49.782-22.29 49.782-49.782 49.782zM768 832h-576v-704h576v704z"
        ],
        "attrs": [],
        "isMulticolor": false,
        "isMulticolor2": false,
        "tags": [
          "mobile",
          "cell-phone",
          "handheld",
          "tablet",
          "phablet"
        ],
        "defaultCode": 59737,
        "grid": 16
      },
      "attrs": [],
      "properties": {
        "ligatures": "mobile2, cell-phone2",
        "name": "mobile2",
        "order": 18,
        "id": 14,
        "prevSize": 32,
        "code": 59737
      },
      "setIdx": 0,
      "setId": 2,
      "iconIdx": 14
    },
    {
      "icon": {
        "paths": [
          "M1024 576l-128-256h-192v-128c0-35.2-28.8-64-64-64h-576c-35.2 0-64 28.8-64 64v512l64 64h81.166c-10.898 18.832-17.166 40.678-17.166 64 0 70.692 57.308 128 128 128s128-57.308 128-128c0-23.322-6.268-45.168-17.166-64h354.334c-10.898 18.832-17.168 40.678-17.168 64 0 70.692 57.308 128 128 128s128-57.308 128-128c0-23.322-6.27-45.168-17.168-64h81.168v-192zM704 576v-192h132.668l96 192h-228.668z"
        ],
        "attrs": [],
        "isMulticolor": false,
        "isMulticolor2": false,
        "tags": [
          "truck",
          "transit",
          "transport",
          "delivery",
          "vehicle"
        ],
        "defaultCode": 59824,
        "grid": 16
      },
      "attrs": [],
      "properties": {
        "ligatures": "truck, transit",
        "name": "truck",
        "order": 11,
        "id": 15,
        "prevSize": 32,
        "code": 59824
      },
      "setIdx": 0,
      "setId": 2,
      "iconIdx": 15
    },
    {
      "icon": {
        "paths": [
          "M287.986 576c8.908 0 17.77 3.698 24.096 10.928l199.918 228.478 199.918-228.478c11.636-13.3 31.856-14.65 45.154-3.010 13.3 11.638 14.648 31.854 3.010 45.154l-224 256c-6.076 6.944-14.854 10.928-24.082 10.928s-18.006-3.984-24.082-10.928l-224-256c-11.638-13.3-10.292-33.516 3.010-45.154 6.070-5.312 13.582-7.918 21.058-7.918z"
        ],
        "attrs": [],
        "isMulticolor": false,
        "isMulticolor2": false,
        "tags": [
          "ctrl",
          "control"
        ],
        "defaultCode": 59984,
        "grid": 16
      },
      "attrs": [],
      "properties": {
        "ligatures": "ctrl, control",
        "name": "ctrl",
        "order": 10,
        "id": 16,
        "prevSize": 32,
        "code": 59984
      },
      "setIdx": 0,
      "setId": 2,
      "iconIdx": 16
    },
    {
      "icon": {
        "paths": [
          "M480 704c88.366 0 160-71.634 160-160v-384c0-88.366-71.634-160-160-160s-160 71.634-160 160v384c0 88.366 71.636 160 160 160zM704 448v96c0 123.71-100.29 224-224 224-123.712 0-224-100.29-224-224v-96h-64v96c0 148.238 112.004 270.3 256 286.22v129.78h-128v64h320v-64h-128v-129.78c143.994-15.92 256-137.982 256-286.22v-96h-64z"
        ],
        "tags": [
          "mic",
          "microphone",
          "voice",
          "audio"
        ],
        "defaultCode": 59678,
        "grid": 16,
        "attrs": []
      },
      "attrs": [],
      "properties": {
        "ligatures": "mic, microphone",
        "name": "mic",
        "order": 19,
        "id": 31,
        "prevSize": 32,
        "code": 59678
      },
      "setIdx": 1,
      "setId": 1,
      "iconIdx": 30
    },
    {
      "icon": {
        "paths": [
          "M1024 384h-384l143.53-143.53c-72.53-72.526-168.96-112.47-271.53-112.47s-199 39.944-271.53 112.47c-72.526 72.53-112.47 168.96-112.47 271.53s39.944 199 112.47 271.53c72.53 72.526 168.96 112.47 271.53 112.47s199-39.944 271.528-112.472c6.056-6.054 11.86-12.292 17.456-18.668l96.32 84.282c-93.846 107.166-231.664 174.858-385.304 174.858-282.77 0-512-229.23-512-512s229.23-512 512-512c141.386 0 269.368 57.326 362.016 149.984l149.984-149.984v384z"
        ],
        "tags": [
          "spinner",
          "loading",
          "loading-wheel",
          "refresh",
          "repeat",
          "busy",
          "wait",
          "arrow"
        ],
        "defaultCode": 59780,
        "grid": 16,
        "attrs": []
      },
      "attrs": [],
      "properties": {
        "ligatures": "spinner11, loading12",
        "name": "spinner11",
        "order": 21,
        "id": 133,
        "prevSize": 32,
        "code": 59780
      },
      "setIdx": 1,
      "setId": 1,
      "iconIdx": 132
    },
    {
      "icon": {
        "paths": [
          "M992.262 871.396l-242.552-206.294c-25.074-22.566-51.89-32.926-73.552-31.926 57.256-67.068 91.842-154.078 91.842-249.176 0-212.078-171.922-384-384-384-212.076 0-384 171.922-384 384s171.922 384 384 384c95.098 0 182.108-34.586 249.176-91.844-1 21.662 9.36 48.478 31.926 73.552l206.294 242.552c35.322 39.246 93.022 42.554 128.22 7.356s31.892-92.898-7.354-128.22zM384 640c-141.384 0-256-114.616-256-256s114.616-256 256-256 256 114.616 256 256-114.614 256-256 256z"
        ],
        "tags": [
          "search",
          "magnifier",
          "magnifying-glass",
          "inspect",
          "find"
        ],
        "defaultCode": 59782,
        "grid": 16,
        "attrs": []
      },
      "attrs": [],
      "properties": {
        "ligatures": "search, magnifier",
        "name": "search",
        "order": 20,
        "id": 135,
        "prevSize": 32,
        "code": 59782
      },
      "setIdx": 1,
      "setId": 1,
      "iconIdx": 134
    },
    {
      "icon": {
        "paths": [
          "M1002.934 817.876l-460.552-394.76c21.448-40.298 33.618-86.282 33.618-135.116 0-159.058-128.942-288-288-288-29.094 0-57.172 4.332-83.646 12.354l166.39 166.39c24.89 24.89 24.89 65.62 0 90.51l-101.49 101.49c-24.89 24.89-65.62 24.89-90.51 0l-166.39-166.39c-8.022 26.474-12.354 54.552-12.354 83.646 0 159.058 128.942 288 288 288 48.834 0 94.818-12.17 135.116-33.62l394.76 460.552c22.908 26.724 62.016 28.226 86.904 3.338l101.492-101.492c24.888-24.888 23.386-63.994-3.338-86.902z"
        ],
        "tags": [
          "wrench",
          "tool",
          "fix",
          "settings",
          "control",
          "options",
          "preferences"
        ],
        "defaultCode": 59793,
        "grid": 16,
        "attrs": []
      },
      "attrs": [],
      "properties": {
        "ligatures": "wrench, tool",
        "name": "wrench",
        "order": 22,
        "id": 146,
        "prevSize": 32,
        "code": 59793
      },
      "setIdx": 1,
      "setId": 1,
      "iconIdx": 145
    },
    {
      "icon": {
        "paths": [
          "M777.784 16.856c-5.576-10.38-16.406-16.856-28.19-16.856h-475.188c-11.784 0-22.614 6.476-28.19 16.856-35.468 66.020-54.216 143.184-54.216 223.144 0 105.412 32.372 204.828 91.154 279.938 45.428 58.046 102.48 96.54 164.846 112.172v327.89h-96c-17.672 0-32 14.326-32 32s14.328 32 32 32h320c17.674 0 32-14.326 32-32s-14.326-32-32-32h-96v-327.89c62.368-15.632 119.418-54.124 164.846-112.172 58.782-75.11 91.154-174.526 91.154-279.938 0-79.96-18.748-157.122-54.216-223.144zM294.1 64h435.8c24.974 52.902 38.1 113.338 38.1 176 0 5.364-0.108 10.696-0.296 16h-511.406c-0.19-5.304-0.296-10.636-0.296-16-0.002-62.664 13.126-123.098 38.098-176z"
        ],
        "tags": [
          "glass",
          "drink",
          "beverage",
          "wine"
        ],
        "defaultCode": 59808,
        "grid": 16,
        "attrs": []
      },
      "attrs": [],
      "properties": {
        "ligatures": "glass, drink",
        "name": "glass",
        "order": 23,
        "id": 161,
        "prevSize": 32,
        "code": 59808
      },
      "setIdx": 1,
      "setId": 1,
      "iconIdx": 160
    },
    {
      "icon": {
        "paths": [
          "M768 639.968l-182.82-182.822 438.82-329.15-128.010-127.996-548.52 219.442-172.7-172.706c-49.78-49.778-119.302-61.706-154.502-26.508-35.198 35.198-23.268 104.726 26.51 154.5l172.686 172.684-219.464 548.582 127.99 128.006 329.19-438.868 182.826 182.828v255.98h127.994l63.992-191.988 191.988-63.996v-127.992l-255.98 0.004z"
        ],
        "tags": [
          "airplane",
          "travel",
          "flight",
          "plane",
          "transport",
          "fly",
          "vacation"
        ],
        "defaultCode": 59823,
        "grid": 16,
        "attrs": []
      },
      "attrs": [],
      "properties": {
        "ligatures": "airplane, travel",
        "name": "airplane",
        "order": 24,
        "id": 176,
        "prevSize": 32,
        "code": 59823
      },
      "setIdx": 1,
      "setId": 1,
      "iconIdx": 175
    }
  ],
  "height": 1024,
  "metadata": {
    "name": "icomoon"
  },
  "preferences": {
    "showGlyphs": true,
    "showQuickUse": true,
    "showQuickUse2": true,
    "showSVGs": true,
    "fontPref": {
      "prefix": "icon-",
      "metadata": {
        "fontFamily": "icomoon"
      },
      "metrics": {
        "emSize": 1024,
        "baseline": 6.25,
        "whitespace": 50
      },
      "embed": false
    },
    "imagePref": {
      "prefix": "icon-",
      "png": true,
      "useClassSelector": true,
      "color": 0,
      "bgColor": 16777215,
      "classSelector": ".icon"
    },
    "historySize": 50,
    "showCodes": true,
    "gridSize": 16
  }
}